{
    "AWSTemplateFormatVersion": "2010-09-09",
    "Parameters": {
      "VpcId": {
        "Type": "AWS::EC2::VPC::Id",
        "Description": "Select a VPC that allows instances to access the Internet."
      },
      "SubnetId": {
        "Type": "List<AWS::EC2::Subnet::Id>",
        "Description": "Select at least two subnets in your selected VPC."
      },
      "SecurityGroup": {
        "Type": "AWS::EC2::SecurityGroup::Id",
        "Description": "Select a Security Group within your selected VPC."
      },
      "TargetGroup": {
        "Type": "String",
        "Description": "Select a Target Group within your selectedVPC."
      }
    },
    "Resources": {
      "MyLoadBalancer": {
        "Type": "AWS::ElasticLoadBalancingV2::LoadBalancer",
        "Properties": {
          "AvailabilityZones": [
            "Us-Gov-West-1a"
          ],
          "Subnets": {
            "Ref": "SubnetId"
          },
          "SecurityGroups": [
            {
              "Ref": "SecurityGroup"
            }
          ]
        }
      },
      "BackendTargetGroup": {
        "Type": "AWS::ElasticLoadBalancingV2::TargetGroup",
        "Properties": {
          "Name": "backend_TG",
          "Port": 1337,
          "Protocol": "HTTP",
          "VpcId": {
            "Ref": "VpcId"
          },
          "TargetType": "ip",
          "HealthCheck": {
            "HealthyThresholdCount": 3,
            "IntervalSeconds": 300,
            "Protocol": "HTTP",
            "Matcher": {
              "HttpCode": "200,204"
            },
            "TimeoutSeconds": 30,
            "Path": "/_health",
            "UnhealthyThresholdCount": 2
          }
        }
      },
      "FrontendTargetGroup": {
        "Type": "AWS::ElasticLoadBalancingV2::TargetGroup",
        "Properties": {
          "Name": "frontend_TG",
          "Port": 3000,
          "Protocol": "HTTP",
          "VpcId": {
            "Ref": "VpcId"
          },
          "TargetType": "ip",
          "HealthCheck": {
            "HealthyThresholdCount": 3,
            "IntervalSeconds": 300,
            "Protocol": "HTTP",
            "Matcher": {
              "HttpCode": "200,204"
            },
            "TimeoutSeconds": 30,
            "Path": "/_health",
            "UnhealthyThresholdCount": 2
          }
        }
      },
      "BackendListenerRule": {
        "Type": "AWS::ElasticLoadBalancingV2::ListenerRule",
        "Properties": {
          "LoadBalancerArn": "arn:aws-us-gov:elasticloadbalancing:us-gov-west-1:306251499781:loadbalancer/app/lb-aero-wmd-apis/170fc9e31efe3078",
          "Name": "backend",
          "DefaultAction": {
            "Type": "Forward",
            "TargetGroupArn": {
              "Ref": "BackendTargetGroup"
            }
          }
        }
      },
      "FrontendListenerRule": {
        "Type": "AWS::ElasticLoadBalancingV2::ListenerRule",
        "Properties": {
          "LoadBalancerArn": "arn:aws-us-gov:elasticloadbalancing:us-gov-west-1:306251499781:loadbalancer/app/lb-aero-wmd-apis/170fc9e31efe3078",
          "Name": "frontend",
          "DefaultAction": {
            "Type": "Forward",
            "TargetGroupArn": {
              "Ref": "FrontendTargetGroup"
            }
          }
        }
      },
      "ALBSecurityGroup": {
        "Type": "AWS::EC2::SecurityGroup",
        "Properties": {
          "VpcId": {
            "Ref": "VpcId"
          },
          "SecurityGroupIngress": [
            {
              "IpProtocol": "tcp",
              "FromPort": 80,
              "ToPort": 80,
              "CidrIp": "0.0.0.0/0"
            },
            {},
            {}
          ]
        }
      }
    }
  }