{
    "Resources": {
      "MyRepository": {
        "Type": "AWS::ECR::Repository",
        "Properties": {
          "RepositoryName": "aero-strapi-ecr-imagerepo",
          "RepositoryPolicyText": {
            "Version": "2012-10-17",
            "Statement": [
              {
                "Sid": "AllowPushPull",
                "Effect": "Allow",
                "Principal": {
                  "AWS": "*"
                },
                "Action": [
                  "ecr:GetDownloadUrlForLayer",
                  "ecr:BatchGetImage",
                  "ecr:BatchCheckLayerAvailability",
                  "ecr:PutImage",
                  "ecr:InitiateLayerUpload",
                  "ecr:UploadLayerPart",
                  "ecr:CompleteLayerUpload"
                ]
              }
            ]
          },
          "LifecyclePolicy": {
            "Rules": [
              {
                "RulePriority": 1,
                "Description": "Rule 1",
                "Selection": {
                  "TagStatus": "tagged",
                  "TagPrefixList": [
                    "prod"
                  ],
                  "CountType": "imageCountMoreThan",
                  "CountNumber": 1
                },
                "Action": {
                  "Type": "expire"
                }
              },
              {
                "RulePriority": 2,
                "Selection": {
                  "TagStatus": "tagged",
                  "TagPrefixList": [
                    "beta"
                  ],
                  "CountType": "imageCountMoreThan",
                  "CountNumber": 1
                },
                "Action": {
                  "Type": "expire"
                }
              }
            ]
          },
          "ImageScanningConfiguration": {
            "ScanOnPush": false
          }
        }
      }
    }
  }