{
    "AWSTemplateFormatVersion": "2010-09-09",
    "Parameters": {
      "KeyName": {
        "Type": "AWS::EC2::KeyPair::KeyName",
        "Description": "Name of an existing EC2 KeyPair to enable SSH access to the ECS instances."
      },
      "ECSClusterName": {
        "Type": "String",
        "Description": "Name of the Cluster",
        "AllowedPattern": "^[a-zA-Z0-9]*$"
      },
      "VpcId": {
        "Type": "AWS::EC2::VPC::Id",
        "Description": "A VPC that allows instances to access the Internet."
      },
      "SubnetId": {
        "Type": "List<AWS::EC2::Subnet::Id>",
        "Description": "Subnets that can be used to access the EC2 instances"
      },
      "TaskDefinitionName": {
        "Type": "String",
        "Description": "Task Definition name"
      },
      "SecurityGroupId": {
        "Type": "List<AWS::EC2::SecurityGroup::Id>",
        "Description": "Select a Security Group within your selected VPC."
      },
      "DesiredCount": {
        "Type": "Number",
        "Default": "1",
        "Description": "Number of instances to launch in ECS cluster."
      }
    },
    "Resources": {
      "ECSCluster": {
        "Type": "AWS::ECS::Cluster",
        "Properties": {
          "ClusterName": {
            "Ref": "ECSClusterName"
          }
        }
      },
      "EcsSecurityGroup": {
        "Type": "AWS::EC2::SecurityGroup",
        "Properties": {
          "GroupId": {
            "Ref": "SecurityGroupId"
          },
          "VpcId": {
            "Ref": "VpcId"
          }
        }
      },
      "EcsSecurityGroupALBports": {
        "Type": "AWS::EC2::SecurityGroupIngress",
        "Properties": {
          "GroupId": {
            "Ref": "SecurityGroupId"
          },
          "IpProtocol": "tcp",
          "FromPort": 1337,
          "ToPort": 1337
        }
      },
      "CloudwatchLogsGroup": {
        "Type": "AWS::Logs::LogGroup",
        "Properties": {
          "LogGroupName": {
            "Fn::Join": [
              "-",
              [
                "ECSLogGroup",
                {
                  "Ref": "AWS::StackName"
                }
              ]
            ]
          },
          "RetentionInDays": 30
        }
      }
    }
  }